gene,pathway
adh1b,KEGG_GLYCOLYSIS_GLUCONEOGENESIS
pck1,KEGG_GLYCOLYSIS_GLUCONEOGENESIS
adh1c,KEGG_GLYCOLYSIS_GLUCONEOGENESIS
adh1a,KEGG_GLYCOLYSIS_GLUCONEOGENESIS
aldh2,KEGG_GLYCOLYSIS_GLUCONEOGENESIS
aldh1a3,KEGG_GLYCOLYSIS_GLUCONEOGENESIS
adh4,KEGG_GLYCOLYSIS_GLUCONEOGENESIS
pck1,KEGG_CITRATE_CYCLE_TCA_CYCLE
pfkfb1,KEGG_FRUCTOSE_AND_MANNOSE_METABOLISM
aldh2,KEGG_ASCORBATE_AND_ALDARATE_METABOLISM
adh1b,KEGG_FATTY_ACID_METABOLISM
acadl,KEGG_FATTY_ACID_METABOLISM
adh1c,KEGG_FATTY_ACID_METABOLISM
adh1a,KEGG_FATTY_ACID_METABOLISM
aldh2,KEGG_FATTY_ACID_METABOLISM
acsl1,KEGG_FATTY_ACID_METABOLISM
adh4,KEGG_FATTY_ACID_METABOLISM
sqle,KEGG_STEROID_BIOSYNTHESIS
cyp39a1,KEGG_PRIMARY_BILE_ACID_BIOSYNTHESIS
akr1c1,KEGG_STEROID_HORMONE_BIOSYNTHESIS
hsd11b1,KEGG_STEROID_HORMONE_BIOSYNTHESIS
hsd17b2,KEGG_STEROID_HORMONE_BIOSYNTHESIS
hsd17b6,KEGG_STEROID_HORMONE_BIOSYNTHESIS
akr1c3,KEGG_STEROID_HORMONE_BIOSYNTHESIS
cyp3a5,KEGG_STEROID_HORMONE_BIOSYNTHESIS
cox6c,KEGG_OXIDATIVE_PHOSPHORYLATION
pde2a,KEGG_PURINE_METABOLISM
rrm2,KEGG_PURINE_METABOLISM
npr1,KEGG_PURINE_METABOLISM
ak5,KEGG_PURINE_METABOLISM
ampd1,KEGG_PURINE_METABOLISM
ppat,KEGG_PURINE_METABOLISM
pde8b,KEGG_PURINE_METABOLISM
pole2,KEGG_PURINE_METABOLISM
pole2,KEGG_PYRIMIDINE_METABOLISM
tyms,KEGG_PYRIMIDINE_METABOLISM
tk1,KEGG_PYRIMIDINE_METABOLISM
rrm2,KEGG_PYRIMIDINE_METABOLISM
ppat,KEGG_ALANINE_ASPARTATE_AND_GLUTAMATE_METABOLISM
aspa,KEGG_ALANINE_ASPARTATE_AND_GLUTAMATE_METABOLISM
il4i1,KEGG_ALANINE_ASPARTATE_AND_GLUTAMATE_METABOLISM
aoc3,KEGG_GLYCINE_SERINE_AND_THREONINE_METABOLISM
maob,KEGG_GLYCINE_SERINE_AND_THREONINE_METABOLISM
dmgdh,KEGG_GLYCINE_SERINE_AND_THREONINE_METABOLISM
cbs,KEGG_GLYCINE_SERINE_AND_THREONINE_METABOLISM
maoa,KEGG_GLYCINE_SERINE_AND_THREONINE_METABOLISM
cbs,KEGG_CYSTEINE_AND_METHIONINE_METABOLISM
cdo1,KEGG_CYSTEINE_AND_METHIONINE_METABOLISM
il4i1,KEGG_CYSTEINE_AND_METHIONINE_METABOLISM
dnmt3b,KEGG_CYSTEINE_AND_METHIONINE_METABOLISM
aldh2,KEGG_VALINE_LEUCINE_AND_ISOLEUCINE_DEGRADATION
il4i1,KEGG_VALINE_LEUCINE_AND_ISOLEUCINE_DEGRADATION
bbox1,KEGG_LYSINE_DEGRADATION
aldh2,KEGG_LYSINE_DEGRADATION
ckmt2,KEGG_ARGININE_AND_PROLINE_METABOLISM
maob,KEGG_ARGININE_AND_PROLINE_METABOLISM
aldh2,KEGG_ARGININE_AND_PROLINE_METABOLISM
pycr1,KEGG_ARGININE_AND_PROLINE_METABOLISM
p4ha3,KEGG_ARGININE_AND_PROLINE_METABOLISM
aldh18a1,KEGG_ARGININE_AND_PROLINE_METABOLISM
maoa,KEGG_ARGININE_AND_PROLINE_METABOLISM
aspa,KEGG_HISTIDINE_METABOLISM
maob,KEGG_HISTIDINE_METABOLISM
aldh2,KEGG_HISTIDINE_METABOLISM
aldh1a3,KEGG_HISTIDINE_METABOLISM
maoa,KEGG_HISTIDINE_METABOLISM
adh1b,KEGG_TYROSINE_METABOLISM
adh1c,KEGG_TYROSINE_METABOLISM
adh1a,KEGG_TYROSINE_METABOLISM
aoc3,KEGG_TYROSINE_METABOLISM
maob,KEGG_TYROSINE_METABOLISM
il4i1,KEGG_TYROSINE_METABOLISM
aldh1a3,KEGG_TYROSINE_METABOLISM
tpo,KEGG_TYROSINE_METABOLISM
adh4,KEGG_TYROSINE_METABOLISM
mif,KEGG_TYROSINE_METABOLISM
maoa,KEGG_TYROSINE_METABOLISM
aoc3,KEGG_PHENYLALANINE_METABOLISM
maob,KEGG_PHENYLALANINE_METABOLISM
il4i1,KEGG_PHENYLALANINE_METABOLISM
aldh1a3,KEGG_PHENYLALANINE_METABOLISM
mif,KEGG_PHENYLALANINE_METABOLISM
maoa,KEGG_PHENYLALANINE_METABOLISM
maob,KEGG_TRYPTOPHAN_METABOLISM
aldh2,KEGG_TRYPTOPHAN_METABOLISM
il4i1,KEGG_TRYPTOPHAN_METABOLISM
cat,KEGG_TRYPTOPHAN_METABOLISM
tdo2,KEGG_TRYPTOPHAN_METABOLISM
maoa,KEGG_TRYPTOPHAN_METABOLISM
aldh2,KEGG_BETA_ALANINE_METABOLISM
aoc3,KEGG_BETA_ALANINE_METABOLISM
cdo1,KEGG_TAURINE_AND_HYPOTAURINE_METABOLISM
cbs,KEGG_SELENOAMINO_ACID_METABOLISM
rrm2,KEGG_GLUTATHIONE_METABOLISM
gpx3,KEGG_GLUTATHIONE_METABOLISM
gsta2,KEGG_GLUTATHIONE_METABOLISM
hyal3,KEGG_GLYCOSAMINOGLYCAN_DEGRADATION
hs3st3a1,KEGG_GLYCOSAMINOGLYCAN_DEGRADATION
chst11,KEGG_GLYCOSAMINOGLYCAN_BIOSYNTHESIS_CHONDROITIN_SULFATE
chst6,KEGG_GLYCOSAMINOGLYCAN_BIOSYNTHESIS_KERATAN_SULFATE
hs3st3a1,KEGG_GLYCOSAMINOGLYCAN_BIOSYNTHESIS_HEPARAN_SULFATE
hs6st3,KEGG_GLYCOSAMINOGLYCAN_BIOSYNTHESIS_HEPARAN_SULFATE
mgll,KEGG_GLYCEROLIPID_METABOLISM
dgat2,KEGG_GLYCEROLIPID_METABOLISM
ppap2b,KEGG_GLYCEROLIPID_METABOLISM
lpl,KEGG_GLYCEROLIPID_METABOLISM
mboat2,KEGG_GLYCEROLIPID_METABOLISM
ppap2a,KEGG_GLYCEROLIPID_METABOLISM
aldh2,KEGG_GLYCEROLIPID_METABOLISM
gpam,KEGG_GLYCEROLIPID_METABOLISM
pik3c2g,KEGG_INOSITOL_PHOSPHATE_METABOLISM
itpka,KEGG_INOSITOL_PHOSPHATE_METABOLISM
gpd2,KEGG_GLYCEROPHOSPHOLIPID_METABOLISM
ppap2b,KEGG_GLYCEROPHOSPHOLIPID_METABOLISM
mboat2,KEGG_GLYCEROPHOSPHOLIPID_METABOLISM
ppap2a,KEGG_GLYCEROPHOSPHOLIPID_METABOLISM
gpd1,KEGG_GLYCEROPHOSPHOLIPID_METABOLISM
pla2g2a,KEGG_GLYCEROPHOSPHOLIPID_METABOLISM
pla2g4a,KEGG_GLYCEROPHOSPHOLIPID_METABOLISM
gpam,KEGG_GLYCEROPHOSPHOLIPID_METABOLISM
pafah1b3,KEGG_ETHER_LIPID_METABOLISM
ppap2b,KEGG_ETHER_LIPID_METABOLISM
ppap2a,KEGG_ETHER_LIPID_METABOLISM
pla2g4a,KEGG_ETHER_LIPID_METABOLISM
pla2g2a,KEGG_ETHER_LIPID_METABOLISM
enpp2,KEGG_ETHER_LIPID_METABOLISM
ptgis,KEGG_ARACHIDONIC_ACID_METABOLISM
ptgs2,KEGG_ARACHIDONIC_ACID_METABOLISM
pla2g4a,KEGG_ARACHIDONIC_ACID_METABOLISM
pla2g2a,KEGG_ARACHIDONIC_ACID_METABOLISM
akr1c3,KEGG_ARACHIDONIC_ACID_METABOLISM
gpx3,KEGG_ARACHIDONIC_ACID_METABOLISM
pla2g2a,KEGG_LINOLEIC_ACID_METABOLISM
pla2g4a,KEGG_LINOLEIC_ACID_METABOLISM
cyp3a5,KEGG_LINOLEIC_ACID_METABOLISM
pla2g4a,KEGG_ALPHA_LINOLENIC_ACID_METABOLISM
pla2g2a,KEGG_ALPHA_LINOLENIC_ACID_METABOLISM
ppap2a,KEGG_SPHINGOLIPID_METABOLISM
ppap2b,KEGG_SPHINGOLIPID_METABOLISM
pck1,KEGG_PYRUVATE_METABOLISM
aldh2,KEGG_PYRUVATE_METABOLISM
acacb,KEGG_PYRUVATE_METABOLISM
haghl,KEGG_PYRUVATE_METABOLISM
mthfd2,KEGG_GLYOXYLATE_AND_DICARBOXYLATE_METABOLISM
aldh2,KEGG_PROPANOATE_METABOLISM
acacb,KEGG_PROPANOATE_METABOLISM
aldh2,KEGG_BUTANOATE_METABOLISM
mthfd2,KEGG_ONE_CARBON_POOL_BY_FOLATE
tyms,KEGG_ONE_CARBON_POOL_BY_FOLATE
aldh1l1,KEGG_ONE_CARBON_POOL_BY_FOLATE
nmnat2,KEGG_NICOTINATE_AND_NICOTINAMIDE_METABOLISM
adh1b,KEGG_RETINOL_METABOLISM
dgat2,KEGG_RETINOL_METABOLISM
adh1c,KEGG_RETINOL_METABOLISM
adh1a,KEGG_RETINOL_METABOLISM
aldh1a1,KEGG_RETINOL_METABOLISM
rdh5,KEGG_RETINOL_METABOLISM
adh4,KEGG_RETINOL_METABOLISM
cyp26b1,KEGG_RETINOL_METABOLISM
cyp3a5,KEGG_RETINOL_METABOLISM
aldh2,KEGG_LIMONENE_AND_PINENE_DEGRADATION
ca4,KEGG_NITROGEN_METABOLISM
ca3,KEGG_NITROGEN_METABOLISM
chst11,KEGG_SULFUR_METABOLISM
adh1b,KEGG_METABOLISM_OF_XENOBIOTICS_BY_CYTOCHROME_P450
adh1c,KEGG_METABOLISM_OF_XENOBIOTICS_BY_CYTOCHROME_P450
akr1c1,KEGG_METABOLISM_OF_XENOBIOTICS_BY_CYTOCHROME_P450
adh1a,KEGG_METABOLISM_OF_XENOBIOTICS_BY_CYTOCHROME_P450
gsta2,KEGG_METABOLISM_OF_XENOBIOTICS_BY_CYTOCHROME_P450
akr1c3,KEGG_METABOLISM_OF_XENOBIOTICS_BY_CYTOCHROME_P450
aldh1a3,KEGG_METABOLISM_OF_XENOBIOTICS_BY_CYTOCHROME_P450
adh4,KEGG_METABOLISM_OF_XENOBIOTICS_BY_CYTOCHROME_P450
cyp3a5,KEGG_METABOLISM_OF_XENOBIOTICS_BY_CYTOCHROME_P450
adh1b,KEGG_DRUG_METABOLISM_CYTOCHROME_P450
adh1c,KEGG_DRUG_METABOLISM_CYTOCHROME_P450
adh1a,KEGG_DRUG_METABOLISM_CYTOCHROME_P450
gsta2,KEGG_DRUG_METABOLISM_CYTOCHROME_P450
maob,KEGG_DRUG_METABOLISM_CYTOCHROME_P450
aldh1a3,KEGG_DRUG_METABOLISM_CYTOCHROME_P450
fmo5,KEGG_DRUG_METABOLISM_CYTOCHROME_P450
adh4,KEGG_DRUG_METABOLISM_CYTOCHROME_P450
fmo2,KEGG_DRUG_METABOLISM_CYTOCHROME_P450
maoa,KEGG_DRUG_METABOLISM_CYTOCHROME_P450
cyp3a5,KEGG_DRUG_METABOLISM_CYTOCHROME_P450
ces1,KEGG_DRUG_METABOLISM_OTHER_ENZYMES
tk1,KEGG_DRUG_METABOLISM_OTHER_ENZYMES
cyp3a5,KEGG_DRUG_METABOLISM_OTHER_ENZYMES
abca8,KEGG_ABC_TRANSPORTERS
abcd2,KEGG_ABC_TRANSPORTERS
abca9,KEGG_ABC_TRANSPORTERS
abcb1,KEGG_ABC_TRANSPORTERS
abca6,KEGG_ABC_TRANSPORTERS
fen1,KEGG_DNA_REPLICATION
mcm4,KEGG_DNA_REPLICATION
mcm2,KEGG_DNA_REPLICATION
rnaseh2a,KEGG_DNA_REPLICATION
mcm6,KEGG_DNA_REPLICATION
pole2,KEGG_DNA_REPLICATION
pck1,KEGG_PPAR_SIGNALING_PATHWAY
acadl,KEGG_PPAR_SIGNALING_PATHWAY
adipoq,KEGG_PPAR_SIGNALING_PATHWAY
mmp1,KEGG_PPAR_SIGNALING_PATHWAY
slc27a6,KEGG_PPAR_SIGNALING_PATHWAY
lpl,KEGG_PPAR_SIGNALING_PATHWAY
fabp4,KEGG_PPAR_SIGNALING_PATHWAY
aqp7,KEGG_PPAR_SIGNALING_PATHWAY
cd36,KEGG_PPAR_SIGNALING_PATHWAY
fabp7,KEGG_PPAR_SIGNALING_PATHWAY
sorbs1,KEGG_PPAR_SIGNALING_PATHWAY
acsl1,KEGG_PPAR_SIGNALING_PATHWAY
olr1,KEGG_PPAR_SIGNALING_PATHWAY
angptl4,KEGG_PPAR_SIGNALING_PATHWAY
pparg,KEGG_PPAR_SIGNALING_PATHWAY
neil3,KEGG_BASE_EXCISION_REPAIR
parp1,KEGG_BASE_EXCISION_REPAIR
pole2,KEGG_BASE_EXCISION_REPAIR
fen1,KEGG_BASE_EXCISION_REPAIR
pole2,KEGG_NUCLEOTIDE_EXCISION_REPAIR
exo1,KEGG_MISMATCH_REPAIR
rad51,KEGG_HOMOLOGOUS_RECOMBINATION
brca2,KEGG_HOMOLOGOUS_RECOMBINATION
blm,KEGG_HOMOLOGOUS_RECOMBINATION
rad54l,KEGG_HOMOLOGOUS_RECOMBINATION
fen1,KEGG_NON_HOMOLOGOUS_END_JOINING
fos,KEGG_MAPK_SIGNALING_PATHWAY
egfr,KEGG_MAPK_SIGNALING_PATHWAY
dusp1,KEGG_MAPK_SIGNALING_PATHWAY
dusp6,KEGG_MAPK_SIGNALING_PATHWAY
stmn1,KEGG_MAPK_SIGNALING_PATHWAY
fgf10,KEGG_MAPK_SIGNALING_PATHWAY
fgf2,KEGG_MAPK_SIGNALING_PATHWAY
pla2g2a,KEGG_MAPK_SIGNALING_PATHWAY
pla2g4a,KEGG_MAPK_SIGNALING_PATHWAY
tgfbr2,KEGG_MAPK_SIGNALING_PATHWAY
cacng1,KEGG_MAPK_SIGNALING_PATHWAY
ntrk2,KEGG_MAPK_SIGNALING_PATHWAY
pak3,KEGG_ERBB_SIGNALING_PATHWAY
egfr,KEGG_ERBB_SIGNALING_PATHWAY
pak7,KEGG_ERBB_SIGNALING_PATHWAY
areg,KEGG_ERBB_SIGNALING_PATHWAY
nrg2,KEGG_ERBB_SIGNALING_PATHWAY
ednrb,KEGG_CALCIUM_SIGNALING_PATHWAY
oxtr,KEGG_CALCIUM_SIGNALING_PATHWAY
adora2a,KEGG_CALCIUM_SIGNALING_PATHWAY
egfr,KEGG_CALCIUM_SIGNALING_PATHWAY
ryr3,KEGG_CALCIUM_SIGNALING_PATHWAY
agtr1,KEGG_CALCIUM_SIGNALING_PATHWAY
itpka,KEGG_CALCIUM_SIGNALING_PATHWAY
mylk,KEGG_CALCIUM_SIGNALING_PATHWAY
itpr1,KEGG_CALCIUM_SIGNALING_PATHWAY
adrb2,KEGG_CALCIUM_SIGNALING_PATHWAY
ccl13,KEGG_CYTOKINE_CYTOKINE_RECEPTOR_INTERACTION
osm,KEGG_CYTOKINE_CYTOKINE_RECEPTOR_INTERACTION
tslp,KEGG_CYTOKINE_CYTOKINE_RECEPTOR_INTERACTION
tgfbr2,KEGG_CYTOKINE_CYTOKINE_RECEPTOR_INTERACTION
lifr,KEGG_CYTOKINE_CYTOKINE_RECEPTOR_INTERACTION
tpo,KEGG_CYTOKINE_CYTOKINE_RECEPTOR_INTERACTION
lepr,KEGG_CYTOKINE_CYTOKINE_RECEPTOR_INTERACTION
figf,KEGG_CYTOKINE_CYTOKINE_RECEPTOR_INTERACTION
ghr,KEGG_CYTOKINE_CYTOKINE_RECEPTOR_INTERACTION
ccl28,KEGG_CYTOKINE_CYTOKINE_RECEPTOR_INTERACTION
ccl11,KEGG_CYTOKINE_CYTOKINE_RECEPTOR_INTERACTION
lep,KEGG_CYTOKINE_CYTOKINE_RECEPTOR_INTERACTION
il21r,KEGG_CYTOKINE_CYTOKINE_RECEPTOR_INTERACTION
ccl7,KEGG_CYTOKINE_CYTOKINE_RECEPTOR_INTERACTION
cxcl12,KEGG_CYTOKINE_CYTOKINE_RECEPTOR_INTERACTION
il20ra,KEGG_CYTOKINE_CYTOKINE_RECEPTOR_INTERACTION
il11ra,KEGG_CYTOKINE_CYTOKINE_RECEPTOR_INTERACTION
tnfrsf9,KEGG_CYTOKINE_CYTOKINE_RECEPTOR_INTERACTION
egfr,KEGG_CYTOKINE_CYTOKINE_RECEPTOR_INTERACTION
cxcl2,KEGG_CYTOKINE_CYTOKINE_RECEPTOR_INTERACTION
cxcl1,KEGG_CYTOKINE_CYTOKINE_RECEPTOR_INTERACTION
kit,KEGG_CYTOKINE_CYTOKINE_RECEPTOR_INTERACTION
cxcl3,KEGG_CYTOKINE_CYTOKINE_RECEPTOR_INTERACTION
prlr,KEGG_CYTOKINE_CYTOKINE_RECEPTOR_INTERACTION
tnfsf4,KEGG_CYTOKINE_CYTOKINE_RECEPTOR_INTERACTION
inhba,KEGG_CYTOKINE_CYTOKINE_RECEPTOR_INTERACTION
cxcl13,KEGG_CYTOKINE_CYTOKINE_RECEPTOR_INTERACTION
il6,KEGG_CYTOKINE_CYTOKINE_RECEPTOR_INTERACTION
cx3cl1,KEGG_CYTOKINE_CYTOKINE_RECEPTOR_INTERACTION
cxcl11,KEGG_CYTOKINE_CYTOKINE_RECEPTOR_INTERACTION
il17b,KEGG_CYTOKINE_CYTOKINE_RECEPTOR_INTERACTION
gnai1,KEGG_CHEMOKINE_SIGNALING_PATHWAY
ccl13,KEGG_CHEMOKINE_SIGNALING_PATHWAY
cxcl11,KEGG_CHEMOKINE_SIGNALING_PATHWAY
ccl28,KEGG_CHEMOKINE_SIGNALING_PATHWAY
cxcl1,KEGG_CHEMOKINE_SIGNALING_PATHWAY
cxcl2,KEGG_CHEMOKINE_SIGNALING_PATHWAY
ccl7,KEGG_CHEMOKINE_SIGNALING_PATHWAY
cxcl12,KEGG_CHEMOKINE_SIGNALING_PATHWAY
cxcl3,KEGG_CHEMOKINE_SIGNALING_PATHWAY
cxcl13,KEGG_CHEMOKINE_SIGNALING_PATHWAY
gng11,KEGG_CHEMOKINE_SIGNALING_PATHWAY
cx3cl1,KEGG_CHEMOKINE_SIGNALING_PATHWAY
ccl11,KEGG_CHEMOKINE_SIGNALING_PATHWAY
pik3c2g,KEGG_PHOSPHATIDYLINOSITOL_SIGNALING_SYSTEM
itpr1,KEGG_PHOSPHATIDYLINOSITOL_SIGNALING_SYSTEM
itpka,KEGG_PHOSPHATIDYLINOSITOL_SIGNALING_SYSTEM
ednrb,KEGG_NEUROACTIVE_LIGAND_RECEPTOR_INTERACTION
lepr,KEGG_NEUROACTIVE_LIGAND_RECEPTOR_INTERACTION
oxtr,KEGG_NEUROACTIVE_LIGAND_RECEPTOR_INTERACTION
adora2a,KEGG_NEUROACTIVE_LIGAND_RECEPTOR_INTERACTION
npy1r,KEGG_NEUROACTIVE_LIGAND_RECEPTOR_INTERACTION
ctsg,KEGG_NEUROACTIVE_LIGAND_RECEPTOR_INTERACTION
ghr,KEGG_NEUROACTIVE_LIGAND_RECEPTOR_INTERACTION
lep,KEGG_NEUROACTIVE_LIGAND_RECEPTOR_INTERACTION
gabre,KEGG_NEUROACTIVE_LIGAND_RECEPTOR_INTERACTION
grm8,KEGG_NEUROACTIVE_LIGAND_RECEPTOR_INTERACTION
npy2r,KEGG_NEUROACTIVE_LIGAND_RECEPTOR_INTERACTION
agtr1,KEGG_NEUROACTIVE_LIGAND_RECEPTOR_INTERACTION
glra3,KEGG_NEUROACTIVE_LIGAND_RECEPTOR_INTERACTION
grik1,KEGG_NEUROACTIVE_LIGAND_RECEPTOR_INTERACTION
prlr,KEGG_NEUROACTIVE_LIGAND_RECEPTOR_INTERACTION
npy5r,KEGG_NEUROACTIVE_LIGAND_RECEPTOR_INTERACTION
sstr1,KEGG_NEUROACTIVE_LIGAND_RECEPTOR_INTERACTION
nmur1,KEGG_NEUROACTIVE_LIGAND_RECEPTOR_INTERACTION
chrna6,KEGG_NEUROACTIVE_LIGAND_RECEPTOR_INTERACTION
adrb2,KEGG_NEUROACTIVE_LIGAND_RECEPTOR_INTERACTION
mcm4,KEGG_CELL_CYCLE
ccnb1,KEGG_CELL_CYCLE
cdc20,KEGG_CELL_CYCLE
mad2l1,KEGG_CELL_CYCLE
cdc25c,KEGG_CELL_CYCLE
cdc7,KEGG_CELL_CYCLE
mcm6,KEGG_CELL_CYCLE
bub1,KEGG_CELL_CYCLE
cdc25a,KEGG_CELL_CYCLE
chek1,KEGG_CELL_CYCLE
ttk,KEGG_CELL_CYCLE
cdc6,KEGG_CELL_CYCLE
mcm2,KEGG_CELL_CYCLE
ccne1,KEGG_CELL_CYCLE
bub1b,KEGG_CELL_CYCLE
dbf4,KEGG_CELL_CYCLE
pttg2,KEGG_CELL_CYCLE
cdkn2a,KEGG_CELL_CYCLE
ccnb2,KEGG_CELL_CYCLE
ccne2,KEGG_CELL_CYCLE
e2f1,KEGG_CELL_CYCLE
pkmyt1,KEGG_CELL_CYCLE
ccna2,KEGG_CELL_CYCLE
plk1,KEGG_CELL_CYCLE
pttg1,KEGG_CELL_CYCLE
pkmyt1,KEGG_OOCYTE_MEIOSIS
bub1,KEGG_OOCYTE_MEIOSIS
pttg2,KEGG_OOCYTE_MEIOSIS
sgol1,KEGG_OOCYTE_MEIOSIS
ccnb1,KEGG_OOCYTE_MEIOSIS
cdc20,KEGG_OOCYTE_MEIOSIS
itpr1,KEGG_OOCYTE_MEIOSIS
mad2l1,KEGG_OOCYTE_MEIOSIS
plk1,KEGG_OOCYTE_MEIOSIS
ccne1,KEGG_OOCYTE_MEIOSIS
cdc25c,KEGG_OOCYTE_MEIOSIS
ccne2,KEGG_OOCYTE_MEIOSIS
ccnb2,KEGG_OOCYTE_MEIOSIS
igf1,KEGG_OOCYTE_MEIOSIS
pttg1,KEGG_OOCYTE_MEIOSIS
aurka,KEGG_OOCYTE_MEIOSIS
cdkn2a,KEGG_P53_SIGNALING_PATHWAY
chek1,KEGG_P53_SIGNALING_PATHWAY
ccnb1,KEGG_P53_SIGNALING_PATHWAY
rrm2,KEGG_P53_SIGNALING_PATHWAY
ccne1,KEGG_P53_SIGNALING_PATHWAY
igf1,KEGG_P53_SIGNALING_PATHWAY
ccnb2,KEGG_P53_SIGNALING_PATHWAY
gtse1,KEGG_P53_SIGNALING_PATHWAY
ccne2,KEGG_P53_SIGNALING_PATHWAY
ube2s,KEGG_UBIQUITIN_MEDIATED_PROTEOLYSIS
cdc20,KEGG_UBIQUITIN_MEDIATED_PROTEOLYSIS
ube2c,KEGG_UBIQUITIN_MEDIATED_PROTEOLYSIS
klhl13,KEGG_UBIQUITIN_MEDIATED_PROTEOLYSIS
stx6,KEGG_SNARE_INTERACTIONS_IN_VESICULAR_TRANSPORT
lamp3,KEGG_LYSOSOME
ctsg,KEGG_LYSOSOME
ap1m2,KEGG_LYSOSOME
kit,KEGG_ENDOCYTOSIS
egfr,KEGG_ENDOCYTOSIS
epn3,KEGG_ENDOCYTOSIS
adrb2,KEGG_ENDOCYTOSIS
abcd2,KEGG_PEROXISOME
acsl1,KEGG_PEROXISOME
cat,KEGG_PEROXISOME
figf,KEGG_MTOR_SIGNALING_PATHWAY
igf1,KEGG_MTOR_SIGNALING_PATHWAY
cox6c,KEGG_CARDIAC_MUSCLE_CONTRACTION
atp1a2,KEGG_CARDIAC_MUSCLE_CONTRACTION
cacng1,KEGG_CARDIAC_MUSCLE_CONTRACTION
adora2a,KEGG_VASCULAR_SMOOTH_MUSCLE_CONTRACTION
ppp1r14a,KEGG_VASCULAR_SMOOTH_MUSCLE_CONTRACTION
actg2,KEGG_VASCULAR_SMOOTH_MUSCLE_CONTRACTION
npr1,KEGG_VASCULAR_SMOOTH_MUSCLE_CONTRACTION
pla2g2a,KEGG_VASCULAR_SMOOTH_MUSCLE_CONTRACTION
agtr1,KEGG_VASCULAR_SMOOTH_MUSCLE_CONTRACTION
pla2g4a,KEGG_VASCULAR_SMOOTH_MUSCLE_CONTRACTION
mylk,KEGG_VASCULAR_SMOOTH_MUSCLE_CONTRACTION
itpr1,KEGG_VASCULAR_SMOOTH_MUSCLE_CONTRACTION
ramp1,KEGG_VASCULAR_SMOOTH_MUSCLE_CONTRACTION
lef1,KEGG_WNT_SIGNALING_PATHWAY
wif1,KEGG_WNT_SIGNALING_PATHWAY
sfrp1,KEGG_WNT_SIGNALING_PATHWAY
egfr,KEGG_DORSO_VENTRAL_AXIS_FORMATION
id4,KEGG_TGF_BETA_SIGNALING_PATHWAY
inhba,KEGG_TGF_BETA_SIGNALING_PATHWAY
comp,KEGG_TGF_BETA_SIGNALING_PATHWAY
dcn,KEGG_TGF_BETA_SIGNALING_PATHWAY
tgfbr2,KEGG_TGF_BETA_SIGNALING_PATHWAY
acvr1c,KEGG_TGF_BETA_SIGNALING_PATHWAY
sema3c,KEGG_AXON_GUIDANCE
gnai1,KEGG_AXON_GUIDANCE
pak3,KEGG_AXON_GUIDANCE
sema3g,KEGG_AXON_GUIDANCE
unc5b,KEGG_AXON_GUIDANCE
cfl2,KEGG_AXON_GUIDANCE
pak7,KEGG_AXON_GUIDANCE
cxcl12,KEGG_AXON_GUIDANCE
ntn4,KEGG_AXON_GUIDANCE
limk1,KEGG_AXON_GUIDANCE
pla2g4a,KEGG_VEGF_SIGNALING_PATHWAY
ptgs2,KEGG_VEGF_SIGNALING_PATHWAY
pla2g2a,KEGG_VEGF_SIGNALING_PATHWAY
fn1,KEGG_FOCAL_ADHESION
lamc2,KEGG_FOCAL_ADHESION
ibsp,KEGG_FOCAL_ADHESION
col5a1,KEGG_FOCAL_ADHESION
pak3,KEGG_FOCAL_ADHESION
figf,KEGG_FOCAL_ADHESION
col4a6,KEGG_FOCAL_ADHESION
comp,KEGG_FOCAL_ADHESION
lamb3,KEGG_FOCAL_ADHESION
igf1,KEGG_FOCAL_ADHESION
col1a1,KEGG_FOCAL_ADHESION
pdgfd,KEGG_FOCAL_ADHESION
egfr,KEGG_FOCAL_ADHESION
col11a1,KEGG_FOCAL_ADHESION
cav2,KEGG_FOCAL_ADHESION
pak7,KEGG_FOCAL_ADHESION
col6a6,KEGG_FOCAL_ADHESION
spp1,KEGG_FOCAL_ADHESION
col5a2,KEGG_FOCAL_ADHESION
cav1,KEGG_FOCAL_ADHESION
mylk,KEGG_FOCAL_ADHESION
itga7,KEGG_FOCAL_ADHESION
fn1,KEGG_ECM_RECEPTOR_INTERACTION
hmmr,KEGG_ECM_RECEPTOR_INTERACTION
col11a1,KEGG_ECM_RECEPTOR_INTERACTION
spp1,KEGG_ECM_RECEPTOR_INTERACTION
lamc2,KEGG_ECM_RECEPTOR_INTERACTION
ibsp,KEGG_ECM_RECEPTOR_INTERACTION
col4a6,KEGG_ECM_RECEPTOR_INTERACTION
comp,KEGG_ECM_RECEPTOR_INTERACTION
cd36,KEGG_ECM_RECEPTOR_INTERACTION
sdc1,KEGG_ECM_RECEPTOR_INTERACTION
col5a2,KEGG_ECM_RECEPTOR_INTERACTION
col6a6,KEGG_ECM_RECEPTOR_INTERACTION
lamb3,KEGG_ECM_RECEPTOR_INTERACTION
col1a1,KEGG_ECM_RECEPTOR_INTERACTION
col5a1,KEGG_ECM_RECEPTOR_INTERACTION
itga7,KEGG_ECM_RECEPTOR_INTERACTION
cldn19,KEGG_CELL_ADHESION_MOLECULES_CAMS
jam2,KEGG_CELL_ADHESION_MOLECULES_CAMS
vcan,KEGG_CELL_ADHESION_MOLECULES_CAMS
cdh2,KEGG_CELL_ADHESION_MOLECULES_CAMS
cldn14,KEGG_CELL_ADHESION_MOLECULES_CAMS
cldn8,KEGG_CELL_ADHESION_MOLECULES_CAMS
sdc1,KEGG_CELL_ADHESION_MOLECULES_CAMS
nlgn1,KEGG_CELL_ADHESION_MOLECULES_CAMS
cntnap2,KEGG_CELL_ADHESION_MOLECULES_CAMS
egfr,KEGG_ADHERENS_JUNCTION
sorbs1,KEGG_ADHERENS_JUNCTION
tgfbr2,KEGG_ADHERENS_JUNCTION
lef1,KEGG_ADHERENS_JUNCTION
pvrl4,KEGG_ADHERENS_JUNCTION
gnai1,KEGG_TIGHT_JUNCTION
jam2,KEGG_TIGHT_JUNCTION
cldn19,KEGG_TIGHT_JUNCTION
ppp2r2b,KEGG_TIGHT_JUNCTION
ppp2r2c,KEGG_TIGHT_JUNCTION
cldn14,KEGG_TIGHT_JUNCTION
cldn8,KEGG_TIGHT_JUNCTION
myh1,KEGG_TIGHT_JUNCTION
gnai1,KEGG_GAP_JUNCTION
itpr1,KEGG_GAP_JUNCTION
egfr,KEGG_GAP_JUNCTION
pdgfd,KEGG_GAP_JUNCTION
cfd,KEGG_COMPLEMENT_AND_COAGULATION_CASCADES
f12,KEGG_COMPLEMENT_AND_COAGULATION_CASCADES
pros1,KEGG_COMPLEMENT_AND_COAGULATION_CASCADES
c6,KEGG_COMPLEMENT_AND_COAGULATION_CASCADES
cfi,KEGG_COMPLEMENT_AND_COAGULATION_CASCADES
f10,KEGG_COMPLEMENT_AND_COAGULATION_CASCADES
plaur,KEGG_COMPLEMENT_AND_COAGULATION_CASCADES
f3,KEGG_COMPLEMENT_AND_COAGULATION_CASCADES
c7,KEGG_COMPLEMENT_AND_COAGULATION_CASCADES
c4bpa,KEGG_COMPLEMENT_AND_COAGULATION_CASCADES
ifi30,KEGG_ANTIGEN_PROCESSING_AND_PRESENTATION
agtr1,KEGG_RENIN_ANGIOTENSIN_SYSTEM
ctsg,KEGG_RENIN_ANGIOTENSIN_SYSTEM
mme,KEGG_RENIN_ANGIOTENSIN_SYSTEM
fos,KEGG_TOLL_LIKE_RECEPTOR_SIGNALING_PATHWAY
cxcl11,KEGG_TOLL_LIKE_RECEPTOR_SIGNALING_PATHWAY
il6,KEGG_TOLL_LIKE_RECEPTOR_SIGNALING_PATHWAY
spp1,KEGG_TOLL_LIKE_RECEPTOR_SIGNALING_PATHWAY
ccl13,KEGG_NOD_LIKE_RECEPTOR_SIGNALING_PATHWAY
cxcl2,KEGG_NOD_LIKE_RECEPTOR_SIGNALING_PATHWAY
cxcl1,KEGG_NOD_LIKE_RECEPTOR_SIGNALING_PATHWAY
ccl7,KEGG_NOD_LIKE_RECEPTOR_SIGNALING_PATHWAY
il6,KEGG_NOD_LIKE_RECEPTOR_SIGNALING_PATHWAY
ccl11,KEGG_NOD_LIKE_RECEPTOR_SIGNALING_PATHWAY
isg15,KEGG_RIG_I_LIKE_RECEPTOR_SIGNALING_PATHWAY
il33,KEGG_CYTOSOLIC_DNA_SENSING_PATHWAY
il6,KEGG_CYTOSOLIC_DNA_SENSING_PATHWAY
socs2,KEGG_JAK_STAT_SIGNALING_PATHWAY
lepr,KEGG_JAK_STAT_SIGNALING_PATHWAY
spry2,KEGG_JAK_STAT_SIGNALING_PATHWAY
osm,KEGG_JAK_STAT_SIGNALING_PATHWAY
ghr,KEGG_JAK_STAT_SIGNALING_PATHWAY
lep,KEGG_JAK_STAT_SIGNALING_PATHWAY
tslp,KEGG_JAK_STAT_SIGNALING_PATHWAY
il21r,KEGG_JAK_STAT_SIGNALING_PATHWAY
il20ra,KEGG_JAK_STAT_SIGNALING_PATHWAY
lifr,KEGG_JAK_STAT_SIGNALING_PATHWAY
il6,KEGG_JAK_STAT_SIGNALING_PATHWAY
il11ra,KEGG_JAK_STAT_SIGNALING_PATHWAY
prlr,KEGG_JAK_STAT_SIGNALING_PATHWAY
tpo,KEGG_JAK_STAT_SIGNALING_PATHWAY
kit,KEGG_HEMATOPOIETIC_CELL_LINEAGE
cd36,KEGG_HEMATOPOIETIC_CELL_LINEAGE
il6,KEGG_HEMATOPOIETIC_CELL_LINEAGE
il11ra,KEGG_HEMATOPOIETIC_CELL_LINEAGE
tpo,KEGG_HEMATOPOIETIC_CELL_LINEAGE
mme,KEGG_HEMATOPOIETIC_CELL_LINEAGE
fos,KEGG_T_CELL_RECEPTOR_SIGNALING_PATHWAY
pak3,KEGG_T_CELL_RECEPTOR_SIGNALING_PATHWAY
pak7,KEGG_T_CELL_RECEPTOR_SIGNALING_PATHWAY
fos,KEGG_B_CELL_RECEPTOR_SIGNALING_PATHWAY
pla2g4a,KEGG_FC_EPSILON_RI_SIGNALING_PATHWAY
pla2g2a,KEGG_FC_EPSILON_RI_SIGNALING_PATHWAY
ppap2b,KEGG_FC_GAMMA_R_MEDIATED_PHAGOCYTOSIS
marcksl1,KEGG_FC_GAMMA_R_MEDIATED_PHAGOCYTOSIS
ppap2a,KEGG_FC_GAMMA_R_MEDIATED_PHAGOCYTOSIS
cfl2,KEGG_FC_GAMMA_R_MEDIATED_PHAGOCYTOSIS
pla2g4a,KEGG_FC_GAMMA_R_MEDIATED_PHAGOCYTOSIS
gsn,KEGG_FC_GAMMA_R_MEDIATED_PHAGOCYTOSIS
limk1,KEGG_FC_GAMMA_R_MEDIATED_PHAGOCYTOSIS
gnai1,KEGG_LEUKOCYTE_TRANSENDOTHELIAL_MIGRATION
cldn19,KEGG_LEUKOCYTE_TRANSENDOTHELIAL_MIGRATION
jam2,KEGG_LEUKOCYTE_TRANSENDOTHELIAL_MIGRATION
rapgef3,KEGG_LEUKOCYTE_TRANSENDOTHELIAL_MIGRATION
cldn14,KEGG_LEUKOCYTE_TRANSENDOTHELIAL_MIGRATION
cldn8,KEGG_LEUKOCYTE_TRANSENDOTHELIAL_MIGRATION
cxcl12,KEGG_LEUKOCYTE_TRANSENDOTHELIAL_MIGRATION
mmp9,KEGG_LEUKOCYTE_TRANSENDOTHELIAL_MIGRATION
ccl28,KEGG_INTESTINAL_IMMUNE_NETWORK_FOR_IGA_PRODUCTION
pigr,KEGG_INTESTINAL_IMMUNE_NETWORK_FOR_IGA_PRODUCTION
cxcl12,KEGG_INTESTINAL_IMMUNE_NETWORK_FOR_IGA_PRODUCTION
il6,KEGG_INTESTINAL_IMMUNE_NETWORK_FOR_IGA_PRODUCTION
ppp1r1a,KEGG_LONG_TERM_POTENTIATION
itpr1,KEGG_LONG_TERM_POTENTIATION
rapgef3,KEGG_LONG_TERM_POTENTIATION
irs2,KEGG_NEUROTROPHIN_SIGNALING_PATHWAY
ntrk2,KEGG_NEUROTROPHIN_SIGNALING_PATHWAY
gnai1,KEGG_LONG_TERM_DEPRESSION
pla2g4a,KEGG_LONG_TERM_DEPRESSION
pla2g2a,KEGG_LONG_TERM_DEPRESSION
igf1,KEGG_LONG_TERM_DEPRESSION
itpr1,KEGG_LONG_TERM_DEPRESSION
clca4,KEGG_OLFACTORY_TRANSDUCTION
kcnb1,KEGG_TASTE_TRANSDUCTION
fn1,KEGG_REGULATION_OF_ACTIN_CYTOSKELETON
pak3,KEGG_REGULATION_OF_ACTIN_CYTOSKELETON
diaph3,KEGG_REGULATION_OF_ACTIN_CYTOSKELETON
egfr,KEGG_REGULATION_OF_ACTIN_CYTOSKELETON
fgf2,KEGG_REGULATION_OF_ACTIN_CYTOSKELETON
fgf10,KEGG_REGULATION_OF_ACTIN_CYTOSKELETON
cfl2,KEGG_REGULATION_OF_ACTIN_CYTOSKELETON
gsn,KEGG_REGULATION_OF_ACTIN_CYTOSKELETON
pak7,KEGG_REGULATION_OF_ACTIN_CYTOSKELETON
iqgap3,KEGG_REGULATION_OF_ACTIN_CYTOSKELETON
limk1,KEGG_REGULATION_OF_ACTIN_CYTOSKELETON
mylk,KEGG_REGULATION_OF_ACTIN_CYTOSKELETON
pdgfd,KEGG_REGULATION_OF_ACTIN_CYTOSKELETON
itga7,KEGG_REGULATION_OF_ACTIN_CYTOSKELETON
socs2,KEGG_INSULIN_SIGNALING_PATHWAY
lipe,KEGG_INSULIN_SIGNALING_PATHWAY
pck1,KEGG_INSULIN_SIGNALING_PATHWAY
acacb,KEGG_INSULIN_SIGNALING_PATHWAY
irs2,KEGG_INSULIN_SIGNALING_PATHWAY
slc2a4,KEGG_INSULIN_SIGNALING_PATHWAY
sorbs1,KEGG_INSULIN_SIGNALING_PATHWAY
itpr1,KEGG_GNRH_SIGNALING_PATHWAY
egfr,KEGG_GNRH_SIGNALING_PATHWAY
pla2g4a,KEGG_GNRH_SIGNALING_PATHWAY
pla2g2a,KEGG_GNRH_SIGNALING_PATHWAY
gnai1,KEGG_PROGESTERONE_MEDIATED_OOCYTE_MATURATION
pkmyt1,KEGG_PROGESTERONE_MEDIATED_OOCYTE_MATURATION
bub1,KEGG_PROGESTERONE_MEDIATED_OOCYTE_MATURATION
cdc25a,KEGG_PROGESTERONE_MEDIATED_OOCYTE_MATURATION
ccnb1,KEGG_PROGESTERONE_MEDIATED_OOCYTE_MATURATION
ccna2,KEGG_PROGESTERONE_MEDIATED_OOCYTE_MATURATION
plk1,KEGG_PROGESTERONE_MEDIATED_OOCYTE_MATURATION
mad2l1,KEGG_PROGESTERONE_MEDIATED_OOCYTE_MATURATION
cdc25c,KEGG_PROGESTERONE_MEDIATED_OOCYTE_MATURATION
ccnb2,KEGG_PROGESTERONE_MEDIATED_OOCYTE_MATURATION
igf1,KEGG_PROGESTERONE_MEDIATED_OOCYTE_MATURATION
ednrb,KEGG_MELANOGENESIS
lef1,KEGG_MELANOGENESIS
gnai1,KEGG_MELANOGENESIS
kit,KEGG_MELANOGENESIS
lepr,KEGG_ADIPOCYTOKINE_SIGNALING_PATHWAY
pck1,KEGG_ADIPOCYTOKINE_SIGNALING_PATHWAY
acacb,KEGG_ADIPOCYTOKINE_SIGNALING_PATHWAY
adipoq,KEGG_ADIPOCYTOKINE_SIGNALING_PATHWAY
irs2,KEGG_ADIPOCYTOKINE_SIGNALING_PATHWAY
lep,KEGG_ADIPOCYTOKINE_SIGNALING_PATHWAY
slc2a4,KEGG_ADIPOCYTOKINE_SIGNALING_PATHWAY
cd36,KEGG_ADIPOCYTOKINE_SIGNALING_PATHWAY
acsl1,KEGG_ADIPOCYTOKINE_SIGNALING_PATHWAY
slc2a4,KEGG_TYPE_II_DIABETES_MELLITUS
socs2,KEGG_TYPE_II_DIABETES_MELLITUS
adipoq,KEGG_TYPE_II_DIABETES_MELLITUS
irs2,KEGG_TYPE_II_DIABETES_MELLITUS
mnx1,KEGG_MATURITY_ONSET_DIABETES_OF_THE_YOUNG
igf1,KEGG_ALDOSTERONE_REGULATED_SODIUM_REABSORPTION
irs2,KEGG_ALDOSTERONE_REGULATED_SODIUM_REABSORPTION
atp1a2,KEGG_ALDOSTERONE_REGULATED_SODIUM_REABSORPTION
hsd11b1,KEGG_ALDOSTERONE_REGULATED_SODIUM_REABSORPTION
pck1,KEGG_PROXIMAL_TUBULE_BICARBONATE_RECLAMATION
ca4,KEGG_PROXIMAL_TUBULE_BICARBONATE_RECLAMATION
atp1a2,KEGG_PROXIMAL_TUBULE_BICARBONATE_RECLAMATION
lpl,KEGG_ALZHEIMERS_DISEASE
cox6c,KEGG_ALZHEIMERS_DISEASE
ryr3,KEGG_ALZHEIMERS_DISEASE
mme,KEGG_ALZHEIMERS_DISEASE
itpr1,KEGG_ALZHEIMERS_DISEASE
cox6c,KEGG_PARKINSONS_DISEASE
cat,KEGG_AMYOTROPHIC_LATERAL_SCLEROSIS_ALS
cox6c,KEGG_HUNTINGTONS_DISEASE
pparg,KEGG_HUNTINGTONS_DISEASE
itpr1,KEGG_HUNTINGTONS_DISEASE
egr1,KEGG_PRION_DISEASES
c7,KEGG_PRION_DISEASES
il6,KEGG_PRION_DISEASES
c6,KEGG_PRION_DISEASES
ptprz1,KEGG_EPITHELIAL_CELL_SIGNALING_IN_HELICOBACTER_PYLORI_INFECTION
cxcl1,KEGG_EPITHELIAL_CELL_SIGNALING_IN_HELICOBACTER_PYLORI_INFECTION
egfr,KEGG_EPITHELIAL_CELL_SIGNALING_IN_HELICOBACTER_PYLORI_INFECTION
jam2,KEGG_EPITHELIAL_CELL_SIGNALING_IN_HELICOBACTER_PYLORI_INFECTION
krt18,KEGG_PATHOGENIC_ESCHERICHIA_COLI_INFECTION
fos,KEGG_LEISHMANIA_INFECTION
ptgs2,KEGG_LEISHMANIA_INFECTION
marcksl1,KEGG_LEISHMANIA_INFECTION
fn1,KEGG_PATHWAYS_IN_CANCER
ptgs2,KEGG_PATHWAYS_IN_CANCER
lamc2,KEGG_PATHWAYS_IN_CANCER
fgf10,KEGG_PATHWAYS_IN_CANCER
rad51,KEGG_PATHWAYS_IN_CANCER
tgfbr2,KEGG_PATHWAYS_IN_CANCER
birc5,KEGG_PATHWAYS_IN_CANCER
runx1t1,KEGG_PATHWAYS_IN_CANCER
brca2,KEGG_PATHWAYS_IN_CANCER
fos,KEGG_PATHWAYS_IN_CANCER
mmp1,KEGG_PATHWAYS_IN_CANCER
zbtb16,KEGG_PATHWAYS_IN_CANCER
figf,KEGG_PATHWAYS_IN_CANCER
arnt2,KEGG_PATHWAYS_IN_CANCER
col4a6,KEGG_PATHWAYS_IN_CANCER
ccne1,KEGG_PATHWAYS_IN_CANCER
lamb3,KEGG_PATHWAYS_IN_CANCER
igf1,KEGG_PATHWAYS_IN_CANCER
cdkn2a,KEGG_PATHWAYS_IN_CANCER
egfr,KEGG_PATHWAYS_IN_CANCER
kit,KEGG_PATHWAYS_IN_CANCER
lef1,KEGG_PATHWAYS_IN_CANCER
ccne2,KEGG_PATHWAYS_IN_CANCER
e2f1,KEGG_PATHWAYS_IN_CANCER
fgf2,KEGG_PATHWAYS_IN_CANCER
il6,KEGG_PATHWAYS_IN_CANCER
pparg,KEGG_PATHWAYS_IN_CANCER
mmp9,KEGG_PATHWAYS_IN_CANCER
lef1,KEGG_COLORECTAL_CANCER
fos,KEGG_COLORECTAL_CANCER
tgfbr2,KEGG_COLORECTAL_CANCER
birc5,KEGG_COLORECTAL_CANCER
figf,KEGG_RENAL_CELL_CARCINOMA
pak3,KEGG_RENAL_CELL_CARCINOMA
arnt2,KEGG_RENAL_CELL_CARCINOMA
pak7,KEGG_RENAL_CELL_CARCINOMA
cdkn2a,KEGG_PANCREATIC_CANCER
e2f1,KEGG_PANCREATIC_CANCER
egfr,KEGG_PANCREATIC_CANCER
figf,KEGG_PANCREATIC_CANCER
rad51,KEGG_PANCREATIC_CANCER
tgfbr2,KEGG_PANCREATIC_CANCER
brca2,KEGG_PANCREATIC_CANCER
lef1,KEGG_ENDOMETRIAL_CANCER
egfr,KEGG_ENDOMETRIAL_CANCER
igf1,KEGG_GLIOMA
cdkn2a,KEGG_GLIOMA
e2f1,KEGG_GLIOMA
egfr,KEGG_GLIOMA
e2f1,KEGG_PROSTATE_CANCER
egfr,KEGG_PROSTATE_CANCER
ccne1,KEGG_PROSTATE_CANCER
lef1,KEGG_PROSTATE_CANCER
igf1,KEGG_PROSTATE_CANCER
pdgfd,KEGG_PROSTATE_CANCER
ccne2,KEGG_PROSTATE_CANCER
lef1,KEGG_THYROID_CANCER
pparg,KEGG_THYROID_CANCER
lef1,KEGG_BASAL_CELL_CARCINOMA
cdkn2a,KEGG_MELANOMA
e2f1,KEGG_MELANOMA
egfr,KEGG_MELANOMA
fgf2,KEGG_MELANOMA
fgf10,KEGG_MELANOMA
igf1,KEGG_MELANOMA
pdgfd,KEGG_MELANOMA
cdkn2a,KEGG_BLADDER_CANCER
e2f1,KEGG_BLADDER_CANCER
mmp1,KEGG_BLADDER_CANCER
egfr,KEGG_BLADDER_CANCER
figf,KEGG_BLADDER_CANCER
mmp9,KEGG_BLADDER_CANCER
tgfbr2,KEGG_CHRONIC_MYELOID_LEUKEMIA
cdkn2a,KEGG_CHRONIC_MYELOID_LEUKEMIA
e2f1,KEGG_CHRONIC_MYELOID_LEUKEMIA
lef1,KEGG_ACUTE_MYELOID_LEUKEMIA
runx1t1,KEGG_ACUTE_MYELOID_LEUKEMIA
zbtb16,KEGG_ACUTE_MYELOID_LEUKEMIA
kit,KEGG_ACUTE_MYELOID_LEUKEMIA
fn1,KEGG_SMALL_CELL_LUNG_CANCER
e2f1,KEGG_SMALL_CELL_LUNG_CANCER
ptgs2,KEGG_SMALL_CELL_LUNG_CANCER
lamc2,KEGG_SMALL_CELL_LUNG_CANCER
col4a6,KEGG_SMALL_CELL_LUNG_CANCER
ccne1,KEGG_SMALL_CELL_LUNG_CANCER
lamb3,KEGG_SMALL_CELL_LUNG_CANCER
ccne2,KEGG_SMALL_CELL_LUNG_CANCER
cdkn2a,KEGG_NON_SMALL_CELL_LUNG_CANCER
e2f1,KEGG_NON_SMALL_CELL_LUNG_CANCER
egfr,KEGG_NON_SMALL_CELL_LUNG_CANCER
ccl11,KEGG_ASTHMA
tpo,KEGG_AUTOIMMUNE_THYROID_DISEASE
h2afx,KEGG_SYSTEMIC_LUPUS_ERYTHEMATOSUS
c6,KEGG_SYSTEMIC_LUPUS_ERYTHEMATOSUS
hist1h4l,KEGG_SYSTEMIC_LUPUS_ERYTHEMATOSUS
hist1h2al,KEGG_SYSTEMIC_LUPUS_ERYTHEMATOSUS
ctsg,KEGG_SYSTEMIC_LUPUS_ERYTHEMATOSUS
hist1h2ai,KEGG_SYSTEMIC_LUPUS_ERYTHEMATOSUS
hist1h3d,KEGG_SYSTEMIC_LUPUS_ERYTHEMATOSUS
hist1h4h,KEGG_SYSTEMIC_LUPUS_ERYTHEMATOSUS
hist1h4d,KEGG_SYSTEMIC_LUPUS_ERYTHEMATOSUS
c7,KEGG_SYSTEMIC_LUPUS_ERYTHEMATOSUS
hist1h2bd,KEGG_SYSTEMIC_LUPUS_ERYTHEMATOSUS
hist1h3h,KEGG_SYSTEMIC_LUPUS_ERYTHEMATOSUS
hist1h2bh,KEGG_SYSTEMIC_LUPUS_ERYTHEMATOSUS
hist1h4c,KEGG_SYSTEMIC_LUPUS_ERYTHEMATOSUS
hist1h2bn,KEGG_SYSTEMIC_LUPUS_ERYTHEMATOSUS
hist2h2aa3,KEGG_SYSTEMIC_LUPUS_ERYTHEMATOSUS
hist1h4b,KEGG_SYSTEMIC_LUPUS_ERYTHEMATOSUS
hist1h2am,KEGG_SYSTEMIC_LUPUS_ERYTHEMATOSUS
il6,KEGG_GRAFT_VERSUS_HOST_DISEASE
sgcg,KEGG_HYPERTROPHIC_CARDIOMYOPATHY_HCM
il6,KEGG_HYPERTROPHIC_CARDIOMYOPATHY_HCM
cacng1,KEGG_HYPERTROPHIC_CARDIOMYOPATHY_HCM
dmd,KEGG_HYPERTROPHIC_CARDIOMYOPATHY_HCM
igf1,KEGG_HYPERTROPHIC_CARDIOMYOPATHY_HCM
itga7,KEGG_HYPERTROPHIC_CARDIOMYOPATHY_HCM
sgcg,KEGG_ARRHYTHMOGENIC_RIGHT_VENTRICULAR_CARDIOMYOPATHY_ARVC
cdh2,KEGG_ARRHYTHMOGENIC_RIGHT_VENTRICULAR_CARDIOMYOPATHY_ARVC
cacng1,KEGG_ARRHYTHMOGENIC_RIGHT_VENTRICULAR_CARDIOMYOPATHY_ARVC
lef1,KEGG_ARRHYTHMOGENIC_RIGHT_VENTRICULAR_CARDIOMYOPATHY_ARVC
dmd,KEGG_ARRHYTHMOGENIC_RIGHT_VENTRICULAR_CARDIOMYOPATHY_ARVC
itga7,KEGG_ARRHYTHMOGENIC_RIGHT_VENTRICULAR_CARDIOMYOPATHY_ARVC
sgcg,KEGG_DILATED_CARDIOMYOPATHY
cacng1,KEGG_DILATED_CARDIOMYOPATHY
dmd,KEGG_DILATED_CARDIOMYOPATHY
igf1,KEGG_DILATED_CARDIOMYOPATHY
itga7,KEGG_DILATED_CARDIOMYOPATHY
cav1,KEGG_VIRAL_MYOCARDITIS
dmd,KEGG_VIRAL_MYOCARDITIS
sgcg,KEGG_VIRAL_MYOCARDITIS
myh1,KEGG_VIRAL_MYOCARDITIS
